,codingWeek,channelId,videoId,title,publishedAt,viewCount,likeCount,dislikeCount,commentCount,duration,channelTitle,subscriberCount,country,videoURL
0,2020-03-01-2020-03-08,UCt4t-jeY85JegMlZ-E5UWtA,JJsqVMRSW-8,Coronavirus kii Inside Story! | Vardaat with Shams Tahir Khan,2020-03-07T05:39:07Z,58349042,364484,55358,12308,905,Aaj Tak,48400000,IN,https://www.youtube.com/watch?v=JJsqVMRSW-8
1,2020-03-01-2020-03-08,UC3XTzVzaHQEd30rQbuvCtTQ,c09m5f7Gnic,Coronavirus: Last Week Tonight with John Oliver (HBO),2020-03-02T07:30:02Z,15577834,306132,12229,25006,1210,LastWeekTonight,8830000,Unknown,https://www.youtube.com/watch?v=c09m5f7Gnic
2,2020-03-01-2020-03-08,UCMtFAi84ehTSYSE9XoHefig,jB4FUHHMI24,Neil deGrasse Tyson On Coronavirus: Will People Listen To Science?,2020-03-07T08:35:00Z,4410090,82080,3972,9886,655,The Late Show with Stephen Colbert,8670000,Unknown,https://www.youtube.com/watch?v=jB4FUHHMI24
3,2020-03-01-2020-03-08,UCVTyTA7-g9nopHeHbeuvpRA,JiqFnKXf3do,Trump Keeps Lying About the Coronavirus Outbreak: A Closer Look,2020-03-06T02:00:24Z,3425896,43600,4309,6788,562,Late Night with Seth Meyers,4240000,US,https://www.youtube.com/watch?v=JiqFnKXf3do
4,2020-03-01-2020-03-08,UCJRSBsjLPipnu8y03qa2_Iw,ZxILcSMO7Uc,Joseph Prince Prophesied The Coronavirus In 2018,2020-03-04T10:42:03Z,3091206,53379,3350,2056,599,Joseph Prince,937000,SG,https://www.youtube.com/watch?v=ZxILcSMO7Uc
5,2020-03-01-2020-03-08,UCTrQ7HXWRRxr7OsOtodr2_w,dcJDpV-igjs,Coronavirus expert: &#39;War is an appropriate analogy&#39;,2020-03-06T17:57:35Z,2697208,29232,2093,8281,1193,Channel 4 News,1770000,GB,https://www.youtube.com/watch?v=dcJDpV-igjs
6,2020-03-01-2020-03-08,UCVTyTA7-g9nopHeHbeuvpRA,7mgZ5xk1g1M,Trump Calls Criticism of His Coronavirus Response a &quot;Hoax&quot; as Concerns Grow: A Closer Look,2020-03-03T02:00:01Z,2667170,35289,1344,5261,605,Late Night with Seth Meyers,4240000,US,https://www.youtube.com/watch?v=7mgZ5xk1g1M
7,2020-03-01-2020-03-08,UCMtFAi84ehTSYSE9XoHefig,7zjLor4QAcY,President Trump Contradicts His Own Experts On Coronavirus Response,2020-03-04T04:50:00Z,2519550,31710,1361,3168,582,The Late Show with Stephen Colbert,8670000,Unknown,https://www.youtube.com/watch?v=7zjLor4QAcY
8,2020-03-01-2020-03-08,UCpzdzxPD8acq8ssStKvDNtw,PkUlCIFE45M,Coronavirus Outbreak | How to protect yourself | Kids Learning Cartoon | Dr. Panda TotoTime,2020-03-07T22:30:11Z,2353975,11322,1953,0,374,Dr. Panda TotoTime â€“ Official Channel,342000,US,https://www.youtube.com/watch?v=PkUlCIFE45M
9,2020-03-01-2020-03-08,UC1a4RqaEpMsHja5dSlUE1mg,1PLdl6NDGDE,COVID-19 Update 3: Symptoms of COVID-19 [New Version in Description],2020-03-05T14:14:36Z,2160518,9631,876,2550,157,Medmastery,123000,AT,https://www.youtube.com/watch?v=1PLdl6NDGDE
10,2020-03-01-2020-03-08,UCVgO39Bk5sMo66-6o6Spn6Q,GVHYTdGUAZM,Toilet paper shortage from coronavirus panic buying sees fight break out | ABC News,2020-03-07T07:34:54Z,1589435,7992,1169,N/A,127,ABC News (Australia),1520000,AU,https://www.youtube.com/watch?v=GVHYTdGUAZM
11,2020-03-01-2020-03-08,UChDKyKQ59fYz3JO2fl0Z6sg,q-rVcaFSfSA,Coronavirus Shopping List: What You May Need To Have On Hand | TODAY,2020-03-05T16:00:11Z,1537758,14131,1171,2133,466,TODAY,3250000,Unknown,https://www.youtube.com/watch?v=q-rVcaFSfSA
12,2020-03-01-2020-03-08,UC6o-wWU-v2ClFMwougmK7dA,BkbztWS4-9I,Coronavirus: The conspiracy theories spreading fake news - BBC Newsnight,2020-03-05T14:32:27Z,1446253,5361,7207,8038,638,BBC Newsnight,685000,GB,https://www.youtube.com/watch?v=BkbztWS4-9I
13,2020-03-01-2020-03-08,UCH1oRy1dINbMVp3UFWrKP0w,xuT28HAThBM,Coronavirus goes viral on TikTok l GMA,2020-03-06T21:46:35Z,1354275,4048,1081,686,277,Good Morning America,3720000,US,https://www.youtube.com/watch?v=xuT28HAThBM
14,2020-03-01-2020-03-08,UCpWvshQVx1d7BqCsPnVuNIw,DkIZZCbxngQ,Klopp&#39;s coronavirus comments go viral,2020-03-05T12:58:38Z,1269644,41671,534,2516,71,The Star,1080000,MY,https://www.youtube.com/watch?v=DkIZZCbxngQ
15,2020-03-01-2020-03-08,UC4SUWizzKc1tptprBkWjX2Q,9654d4dwVmw,Coronavirus: blue skies over Chinese cities as Covid-19 lockdown temporarily cuts air pollution,2020-03-04T09:00:00Z,1244631,19981,426,4197,210,South China Morning Post,2630000,HK,https://www.youtube.com/watch?v=9654d4dwVmw
16,2020-03-01-2020-03-08,UCIRYBXDze5krPDzAEOxFGVA,Yo81j6o97Z4,&#39;It&#39;s all fake!&#39;: Chinese official heckled by residents on visit to Wuhan,2020-03-06T10:20:26Z,1191000,8973,548,2864,72,Guardian News,2020000,GB,https://www.youtube.com/watch?v=Yo81j6o97Z4
17,2020-03-01-2020-03-08,UCoFX8yfaEwXNEu3HgLdfomQ,kKz_vNGsNhc,COVID-19: Donning of Personal Protective Equipment (PPE),2020-03-02T18:49:53Z,759336,1763,104,153,465,UK Health Security Agency,13600,Unknown,https://www.youtube.com/watch?v=kKz_vNGsNhc
18,2020-03-01-2020-03-08,UCIvaYmXn910QMdemBG3v1pQ,oLo_p0xwtQY,"srkaar ne dii Coronavirus se bcne kii dvaaii, 06 golii 03 din | Ministry of Ayush | Coronavirus In India",2020-03-07T17:19:16Z,689671,7179,560,270,301,Zee News,21300000,IN,https://www.youtube.com/watch?v=oLo_p0xwtQY
19,2020-03-01-2020-03-08,UCF9IOB2TExg3QIBupFtBDxg,FYPZHA-UjUY,COVID-19 Mutation and Evolution,2020-03-05T10:48:39Z,624346,20194,374,4326,1123,Dr. John Campbell,1750000,GB,https://www.youtube.com/watch?v=FYPZHA-UjUY
20,2020-03-01-2020-03-08,UC4SUWizzKc1tptprBkWjX2Q,6IOS7-4n12c,Coronavirus-themed parody of Natalie Imbruglia's 'Torn',2020-03-04T19:00:16Z,609410,6995,646,466,241,South China Morning Post,2630000,HK,https://www.youtube.com/watch?v=6IOS7-4n12c
21,2020-03-01-2020-03-08,UCPyMN8DzkFl2__xnTEiGZ1w,ALRLihS19kQ,"Coronavirus COVID-19 Symptoms, Causes, Prevention Nursing Review",2020-03-02T23:18:30Z,581710,N/A,N/A,443,742,RegisteredNurseRN,1710000,US,https://www.youtube.com/watch?v=ALRLihS19kQ
22,2020-03-01-2020-03-08,UCoFX8yfaEwXNEu3HgLdfomQ,oUo5O1JmLH0,COVID-19: Removal and disposal of Personal Protective Equipment (PPE),2020-03-02T18:49:40Z,531700,1070,84,83,313,UK Health Security Agency,13600,Unknown,https://www.youtube.com/watch?v=oUo5O1JmLH0
23,2020-03-01-2020-03-08,UChFsYLqPUyLiZnfRog6wiZA,QAPKveL6x2E,First Brit to Contract Coronavirus Reveals His Experience | This Morning,2020-03-02T12:30:00Z,433429,3441,295,N/A,584,This Morning,2130000,GB,https://www.youtube.com/watch?v=QAPKveL6x2E
24,2020-03-01-2020-03-08,UC16niRr50-MSBwiO3YDb3RA,3AgxeIVrH24,Coronavirus v Influenza: How do the two viruses compare? - BBC News,2020-03-04T07:43:00Z,400333,3195,356,1064,272,BBC News,11100000,GB,https://www.youtube.com/watch?v=3AgxeIVrH24
25,2020-03-01-2020-03-08,UCoMdktPbSTixAyNGwb-UYkQ,EiTxltL1wSc,How it feels to have COVID-19: &#39;I couldn&#39;t make any sound&#39;,2020-03-06T13:29:47Z,384177,3651,203,733,165,Sky News,3870000,GB,https://www.youtube.com/watch?v=EiTxltL1wSc
26,2020-03-01-2020-03-08,UCVw8WSz1c_cazwOA0Yk_P_w,mvLXiePQbjo,LS Plays Survive Coronavirus IRL Game #772,2020-03-07T02:29:36Z,357936,6393,286,274,838,Synapse,663000,US,https://www.youtube.com/watch?v=mvLXiePQbjo
27,2020-03-01-2020-03-08,UCMtFAi84ehTSYSE9XoHefig,-yd2CKH31Hg,The Wuhan Shake Inspires Other Coronavirus-Safe Personal Greetings,2020-03-05T08:35:00Z,348878,4291,150,230,86,The Late Show with Stephen Colbert,8670000,Unknown,https://www.youtube.com/watch?v=-yd2CKH31Hg
28,2020-03-01-2020-03-08,UCeY0bbntWzzVIaj2z3QigXg,T58AZtAuNHE,&#39;Saturday Night Live&#39; Targets Coronavirus And Democratic Presidential Candidates | NBC News,2020-03-01T18:51:01Z,346977,1801,573,274,250,NBC News,6110000,Unknown,https://www.youtube.com/watch?v=T58AZtAuNHE
29,2020-03-01-2020-03-08,UC16niRr50-MSBwiO3YDb3RA,6wDEuVl1TZo,Coronavirus Explained: What is coronavirus? - BBC News,2020-03-06T11:20:52Z,335805,2360,230,509,304,BBC News,11100000,GB,https://www.youtube.com/watch?v=6wDEuVl1TZo
